{
    "parent": "lunareclipse.watching:technical/block_detection/root",
    "criteria": {
        "requirement": {
            "trigger": "minecraft:placed_block",
            "conditions": {
                "location": [
                    {
                        "condition": "minecraft:location_check",
                        "predicate": {
                            "block": {
                                "blocks": "minecraft:fire"
                            }
                        }
                    }
                ]
            }
        }
    },
    "rewards": {
        "function": "lunareclipse.watching:block_events/detection/placed/fire"
    }
}