{
  "name": "mossy_pyramid",
  "fallback": "minecraft:empty",
  "elements": [
    {
      "weight": 1,
      "element": {
        "element_type": "minecraft:single_pool_element",
        "projection": "rigid",
        "location": "lunareclipse.watching:mossy_pyramid/pyramid1",
        "processors": "minecraft:empty"
      }
    },
    {
      "weight": 1,
      "element": {
        "element_type": "minecraft:single_pool_element",
        "projection": "rigid",
        "location": "lunareclipse.watching:mossy_pyramid/pyramid2",
        "processors": "minecraft:empty"
      }
    }
  ]
}
