{
    "parent": "from_the_fog:time_played/100_days",
    "display": {
        "icon": {
            "id": "minecraft:paper",
            "components": {
                "minecraft:item_model": "lunareclipse.watching:ui/advancements/time_played/200_days"
            },
            "count": 1
        },
        "title": {
            "translate": "advancements.from_the_fog.time_played.200_days.title"
        },
        "description": {
            "translate": "advancements.from_the_fog.time_played.200_days.description"
        },
        "show_toast": true,
        "announce_to_chat": true,
        "frame": "challenge",
        "hidden": false
    },
    "criteria": {
        "requirement": {
            "trigger": "minecraft:impossible"
        }
    },
    "requirements": [
        [
            "requirement"
        ]
    ]
}