{
  "type": "minecraft:chest",
  "pools": [
    {
      "rolls": 1,
      "entries": [
        {
          "type": "minecraft:item",
          "name": "minecraft:redstone_torch",
          "weight": 1,
          "functions": [
            {
              "function": "minecraft:set_components",
              "components": {
                "minecraft:custom_name": {"translate":"dreadful_donation.message.1"},
                "minecraft:custom_data": {
                  "dreadful_donation": true,
                  "named_donation": true
                }
              }
            }
          ]
        },
        {
          "type": "minecraft:item",
          "name": "minecraft:redstone_torch",
          "weight": 1,
          "functions": [
            {
              "function": "minecraft:set_components",
              "components": {
                "minecraft:custom_name": {"translate":"dreadful_donation.message.2"},
                "minecraft:custom_data": {
                  "dreadful_donation": true,
                  "named_donation": true
                }
              }
            }
          ]
        },
        {
          "type": "minecraft:item",
          "name": "minecraft:redstone_torch",
          "weight": 1,
          "functions": [
            {
              "function": "minecraft:set_components",
              "components": {
                "minecraft:custom_name": {"translate":"dreadful_donation.message.3"},
                "minecraft:custom_data": {
                  "dreadful_donation": true,
                  "named_donation": true
                }
              }
            }
          ]
        }
      ]
    }
  ]
}